"text_unit_ids","entity_ids","id"
"dd4335de10ecc873b69ad14e533cde00","['b45241d70f0e43fca764df95b2b81f77' '4119fd06010c494caa07f439b333f4c5'
 'd3835bf3dda84ead99deadbeac5d0d7d' '077d2820ae1845bcbb1803379a3d1eae'
 '3671ea0dd4e84c1a9b02c5ab2c8f4bac' '19a7f254a5d64566ab5cc15472df02de'
 'e7ffaee9d31d4d3c96e04f911d0a8f9e' 'f7e11b0e297a44a896dc67928368f600'
 '1fd3fa8bb5a2408790042ab9573779ee' '27f9fbe6ad8c4a8b9acee0d3596ed57c']","dd4335de10ecc873b69ad14e533cde00"
"0f4f44a0eb6ff6da95c8f12946faff91","['e7ffaee9d31d4d3c96e04f911d0a8f9e' 'fa3c4204421c48609e52c8de2da4c654'
 '53af055f068244d0ac861b2e89376495' 'c03ab3ce8cb74ad2a03b94723bfab3c7'
 'ed6d2eee9d7b4f5db466b1f6404d31cc' 'fc01e9baa80e417c9206f941bb279407']","0f4f44a0eb6ff6da95c8f12946faff91"
"13b96cfd09f03307717076cf0624218f","['e7ffaee9d31d4d3c96e04f911d0a8f9e' 'c9632a35146940c2a86167c7726d35e9'
 '83a6cb03df6b41d8ad6ee5f6fef5f024' '147c038aef3e4422acbbc5f7938c4ab8'
 '6fae5ee1a831468aa585a1ea09095998' '48c0c4d72da74ff5bb926fa0c856d1a7']","13b96cfd09f03307717076cf0624218f"
"3bb28165d90d7db5f19e2208ec0a8b34","['e7ffaee9d31d4d3c96e04f911d0a8f9e' 'ef32c4b208d041cc856f6837915dc1b0'
 '2670deebfa3f4d69bb82c28ab250a209' '404309e89a5241d6bff42c05a45df206'
 'b785a9025069417f94950ad231bb1441' '3b6cd96a27304614850709aba1c9598b']","3bb28165d90d7db5f19e2208ec0a8b34"
"65e2981c6c6a6b1cddbdde3166ad329b","['e7ffaee9d31d4d3c96e04f911d0a8f9e' 'eae4259b19a741ab9f9f6af18c4a0470'
 '3138f39f2bcd43a69e0697cd3b05bc4d' 'dde131ab575d44dbb55289a6972be18f'
 'de9e343f2e334d88a8ac7f8813a915e5' 'e2bf260115514fb3b252fd879fb3e7be'
 'b462b94ce47a4b8c8fffa33f7242acec' '17ed1d92075643579a712cc6c29e8ddb'
 '3ce7c210a21b4deebad7cc9308148d86' 'd64ed762ea924caa95c8d06f072a9a96']","65e2981c6c6a6b1cddbdde3166ad329b"
"8bd4c7f5f1ddf7c6d91f4bae802bd4ba","['e7ffaee9d31d4d3c96e04f911d0a8f9e' '17ed1d92075643579a712cc6c29e8ddb'
 '3ce7c210a21b4deebad7cc9308148d86' 'adf4ee3fbe9b4d0381044838c4f889c8'
 '32ee140946e5461f9275db664dc541a5' 'c160b9cb27d6408ba6ab20214a2f3f81']","8bd4c7f5f1ddf7c6d91f4bae802bd4ba"
"9618bb9b971fa5efb45c79574ff34860","['e7ffaee9d31d4d3c96e04f911d0a8f9e' 'c9632a35146940c2a86167c7726d35e9'
 '23527cd679ff4d5a988d52e7cd056078' 'f1c6eed066f24cbdb376b910fce29ed4'
 '83a6cb03df6b41d8ad6ee5f6fef5f024' '147c038aef3e4422acbbc5f7938c4ab8'
 'b7702b90c7f24190b864e8c6e64612a5']","9618bb9b971fa5efb45c79574ff34860"
"feccd5ea2e791c74245cd72130cc8a97","['e7ffaee9d31d4d3c96e04f911d0a8f9e' 'c9632a35146940c2a86167c7726d35e9'
 '6fae5ee1a831468aa585a1ea09095998' 'b785a9025069417f94950ad231bb1441'
 'd54956b79dd147f894b67a8b97dcbef0' '958beecdb5bb4060948415ffd75d2b03'
 'b999ed77e19e4f85b7f1ae79af5c002a' '48c0c4d72da74ff5bb926fa0c856d1a7']","feccd5ea2e791c74245cd72130cc8a97"
"64f6ebc1721155ebd85f715b8c39c8bb","['e1fd0e904a53409aada44442f23a51cb' 'de988724cfdf45cebfba3b13c43ceede'
 '96aad7cb4b7d40e9b7e13b94a67af206' 'c9632a35146940c2a86167c7726d35e9'
 '9646481f66ce4fd2b08c2eddda42fc82']","64f6ebc1721155ebd85f715b8c39c8bb"
"a189361cf240d794a22d9cbeea508cda","['96aad7cb4b7d40e9b7e13b94a67af206' 'fbeef791d19b413a9c93c6608286ab63'
 'd2b629c0396f4180a03e16ddf3818589' '6102fc6619ed422ebc42588bfa97355d'
 '8d141c0b80f74b79a05eed7fe161fe49']","a189361cf240d794a22d9cbeea508cda"
"eb2e82d94232966bd9797c758dda347a","['96aad7cb4b7d40e9b7e13b94a67af206' '32e6ccab20d94029811127dbbe424c64'
 '015e7b58d1a14b44beab3bbc9f912c18' '26f88ab3e2e04c33a459ad6270ade565'
 'babe97e1d9784cffa1c85abc1e588126' '1033a18c45aa4584b2aef6ab96890351'
 'c9b8ce91fc2945b4907fe35519339cac']","eb2e82d94232966bd9797c758dda347a"
"3e9fb1e24142df534601026345ef03e3","['d91a266f766b4737a06b0fda588ba40b' 'bc0e3f075a4c4ebbb7c7b152b65a5625'
 '254770028d7a4fa9877da4ba0ad5ad21' '4a67211867e5464ba45126315a122a8a'
 '04dbbb2283b845baaeac0eaf0c34c9da' '1943f245ee4243bdbfbd2fd619ae824a'
 '273daeec8cad41e6b3e450447db58ee7']","3e9fb1e24142df534601026345ef03e3"
"ea1005e7521d78327d39be6bb78a563d","['e69dc259edb944ea9ea41264b9fcfe59' 'e2f5735c7d714423a2c4f61ca2644626'
 'deece7e64b2a4628850d4bb6e394a9c3' 'e657b5121ff8456b9a610cfaead8e0cb'
 'bf4e255cdac94ccc83a56435a5e4b075' '3b040bcc19f14e04880ae52881a89c1c'
 '3d6b216c14354332b1bf1927ba168986' '1c109cfdc370463eb6d537e5b7b382fb'
 '3d0dcbc8971b415ea18065edc4d8c8ef' '68105770b523412388424d984e711917'
 '85c79fd84f5e4f918471c386852204c5']","ea1005e7521d78327d39be6bb78a563d"
"c97ef3a4adea86ede4938c80d59abb94","['b7702b90c7f24190b864e8c6e64612a5' 'de6fa24480894518ab3cbcb66f739266'
 '6fae5ee1a831468aa585a1ea09095998' 'ef32c4b208d041cc856f6837915dc1b0'
 '07b2425216bd4f0aa4e079827cb48ef5' '2670deebfa3f4d69bb82c28ab250a209']","c97ef3a4adea86ede4938c80d59abb94"
"56e787cf8c963ad40eb29fe7c1542377","['4f3c97517f794ebfb49c4c6315f9cf23' '1745a2485a9443bab76587ad650e9be0'
 '32e6ccab20d94029811127dbbe424c64' '94a964c6992945ebb3833dfdfdc8d655'
 '1eb829d0ace042089f0746f78729696c']","56e787cf8c963ad40eb29fe7c1542377"
"e944bdd871c669dd3f7b5e758cec1805","['56d0e5ebe79e4814bd1463cf6ca21394' '7c49f2710e8b4d3b8dc9310834406ea5'
 'c6d1e4f56c2843e89cf0b91c10bb6de2' '0adb2d9941f34ef7b2f7743cc6225844'
 '6b02373137fd438ba96af28f735cdbdb' '36a4fcd8efc144e6b8af9a1c7ab8b2ce']","e944bdd871c669dd3f7b5e758cec1805"
