"id","relationship_ids"
"65e2981c6c6a6b1cddbdde3166ad329b","['e22d1d1cd8d14f12b81828d940f40d70' '9ab48505fb1b487babd0d1f6d3a3f980'
 '148fffeb994541b2b4b6dcefda7001a8' '0fbcca3f17c649a08aea64b5a7d9ef36'
 '482027a59f32484c9c44fd700615c1b6']"
"8bd4c7f5f1ddf7c6d91f4bae802bd4ba","['89c08e793298442686292454a1abff31' 'de837ff3d626451282ff6ac77a82216d'
 '460295fed3ae4cd39f9f274cec9c2506' '553b285bba60460ab1ed8341ae61282b'
 'cec95bf17e7e4c939b56c9c6f402a29f']"
"9618bb9b971fa5efb45c79574ff34860","['0467928aa65e4a4fba62bdb1467e3a54' '43c3390303c6476cb65f584e37c3e81c'
 '91ff849d12b24574b0691dbddf44968b']"
"13b96cfd09f03307717076cf0624218f","['43c3390303c6476cb65f584e37c3e81c' '7cc3356d38de4328a51a5cbcb187dac3'
 'bef16fb5fd7344cca5e295b13ef3e0cd' 'd73c1f2fb3094d8dace42ad2a76e9a52'
 'cdc8901e668749889bd49bebdc4ff1f6']"
"feccd5ea2e791c74245cd72130cc8a97","['43c3390303c6476cb65f584e37c3e81c' 'd73c1f2fb3094d8dace42ad2a76e9a52'
 'cdc8901e668749889bd49bebdc4ff1f6' 'd136b08d586d488f9e4188b524c85a29'
 'cccfa151fedc4b218a8d96adc7dceabe']"
"3bb28165d90d7db5f19e2208ec0a8b34","['fa14b16c17e3417dba5a4b473ea5b18d' '1f1545308e9347af91fd03b94aadc21f'
 '6ea81acaf232485e94fff638e03336e1']"
"0f4f44a0eb6ff6da95c8f12946faff91","['bb9e01bc171d4326a29afda59ece8d17' '3c063eea52e94164b70c99431ea30bae'
 '252cc8452bfc4c2aa58cab68d8b61879' 'af1d0fec22114a3398b8016f5225f9ed']"
"a189361cf240d794a22d9cbeea508cda","['7e2c84548fb94ee395ba8588d8f2a006' 'f034618dde7948beb6dab30176d0fc87'
 '5c41f96be13e49dba649454297834546' '7ea4afbf8a264f29af29950ce98105ba']"
"ea1005e7521d78327d39be6bb78a563d","['36084a9fab53433493f079e97e68bf65' 'eebcc7ec8e3e4df7aea83659bbdc2199'
 'ceadf262ef834e9ab146b20650912cae' '7f65feab75424b53b24470d305ba331a'
 'fd9cb733b28d420cb5cef01e545a132c']"
"c97ef3a4adea86ede4938c80d59abb94","['599164aead034bc19446efacc77554d2' 'bbf148ae4d48422f8fdef754cfa2b9e4'
 'de61b2670999433f807a6a1dc2b81e43' '3e95dacfe57b4d57b5da4310ef2e157f']"
"56e787cf8c963ad40eb29fe7c1542377","['ce54725672a74ebcabe6127577dacb2b' 'ea2b28ca1a974ffab4517811dc1d1e5c'
 'aff21f1da1654e7babdcf3fb0e4a75fc' 'dc2cc9016e3f49dbac7232f05cce794d'
 '6ea0cef05f694dcea455478f40674e45' '7ab5d53a872f4dfc98f3d386879f3c75']"
